{
    "dataset_info": {
        "data_name": "食管",
        "total_samples": 52
    },
    "overall_performance": {
        "total_samples": 52,
        "triggered_count": 50,
        "not_triggered_count": 2,
        "trigger_rate": 0.9615384615384616,
        "triggered_correct": 14,
        "triggered_wrong": 36,
        "triggered_accuracy": 0.28,
        "not_triggered_correct": 0,
        "not_triggered_wrong": 2,
        "safety_accuracy": 0.0,
        "precision": 0.72,
        "recall": 0.9473684210526315,
        "overall_accuracy": 0.2692307692307692
    },
    "probability_metrics": {
        "overall": {
            "max_prob": {
                "mean": 0.5490159254807693,
                "median": 0.53515625,
                "std": 0.04572518049084664
            },
            "prob_gap": {
                "mean": 0.12605168269230768,
                "median": 0.099609375,
                "std": 0.08966746406842502
            },
            "h_norm": {
                "mean": 0.5711388221153846,
                "median": 0.5703125,
                "std": 0.021455968554372394
            },
            "entropy_score": {
                "mean": 0.42886117788461536,
                "median": 0.4296875,
                "std": 0.021455968554372394
            }
        },
        "by_correctness": {
            "correct_samples": {
                "max_prob_mean": 0.5482700892857143,
                "prob_gap_mean": 0.12472098214285714
            },
            "wrong_samples": {
                "max_prob_mean": 0.5492907072368421,
                "prob_gap_mean": 0.12654194078947367
            }
        }
    },
    "high_risk_analysis": {
        "total_samples": 52,
        "triggered_count": 50,
        "not_triggered_count": 2,
        "trigger_rate": 0.9615384615384616,
        "triggered_correct": 14,
        "triggered_wrong": 36,
        "triggered_accuracy": 0.28,
        "not_triggered_correct": 0,
        "not_triggered_wrong": 2,
        "safety_accuracy": 0.0,
        "precision": 0.72,
        "recall": 0.9473684210526315,
        "overall_accuracy": 0.2692307692307692
    },
    "recommendations": [
        {
            "level": "WARNING",
            "message": "未触发样本的准确率为 0.00%，低于95%安全线，建议调整阈值。"
        },
        {
            "level": "INFO",
            "message": "触发率为 96.15%，较高，可能需要人工审核资源较多。"
        }
    ]
}