{
  "total_samples": 105,
  "accuracy": {
    "mllm": 0.5238095238095238,
    "flow": 0.8952380952380953,
    "fusion": 0.9333333333333333
  },
  "improvement": {
    "over_mllm_count": 44,
    "over_mllm_rate": 0.41904761904761906,
    "over_flow_count": 6,
    "over_flow_rate": 0.05714285714285714
  },
  "degradation": {
    "from_mllm_count": 1,
    "from_mllm_rate": 0.009523809523809525,
    "from_flow_count": 2,
    "from_flow_rate": 0.01904761904761905
  },
  "alpha_statistics": {
    "mean": 0.8618717814384066,
    "std": 0.11955536926554032,
    "min": 0.3040157105545709,
    "max": 0.895984289136248,
    "median": 0.895984289136248
  },
  "by_alpha_range": {
    "high_confidence_mllm (α>0.7)": {
      "count": 99,
      "fusion_accuracy": 0.9393939393939394,
      "mllm_accuracy": 0.5454545454545454,
      "flow_accuracy": 0.898989898989899
    },
    "medium_confidence (0.5<α≤0.7)": {
      "count": 2,
      "fusion_accuracy": 0.5,
      "mllm_accuracy": 0.5,
      "flow_accuracy": 0.5
    },
    "low_confidence_mllm (α≤0.5)": {
      "count": 4,
      "fusion_accuracy": 1.0,
      "mllm_accuracy": 0.0,
      "flow_accuracy": 1.0
    }
  }
}