{
  "overall": {
    "accuracy": 0.7808219178082192,
    "correct": 57,
    "total": 73
  },
  "per_label": {
    "十二指肠副乳头": {
      "accuracy": 0.9411764705882353,
      "correct": 16,
      "total": 17
    },
    "十二指肠憩室": {
      "accuracy": 0.5555555555555556,
      "correct": 5,
      "total": 9
    },
    "十二指肠正常": {
      "accuracy": 0.9444444444444444,
      "correct": 17,
      "total": 18
    },
    "十二指肠溃疡": {
      "accuracy": 1.0,
      "correct": 7,
      "total": 7
    },
    "十二指肠炎": {
      "accuracy": 0.8333333333333334,
      "correct": 10,
      "total": 12
    },
    "十二指肠球部息肉": {
      "accuracy": 0.14285714285714285,
      "correct": 1,
      "total": 7
    },
    "十二指肠钩虫": {
      "accuracy": 0.3333333333333333,
      "correct": 1,
      "total": 3
    }
  }
}