{
  "total_samples": 73,
  "accuracy": {
    "mllm": 0.3698630136986301,
    "flow": 0.8767123287671232,
    "fusion": 0.8767123287671232
  },
  "improvement": {
    "over_mllm_count": 42,
    "over_mllm_rate": 0.5753424657534246,
    "over_flow_count": 0,
    "over_flow_rate": 0.0
  },
  "degradation": {
    "from_mllm_count": 5,
    "from_mllm_rate": 0.0684931506849315,
    "from_flow_count": 0,
    "from_flow_rate": 0.0
  },
  "alpha_statistics": {
    "mean": 0.3173364192662683,
    "std": 0.0151412879191699,
    "min": 0.2829592051499502,
    "max": 0.35610302292082174,
    "median": 0.31650375478193027
  },
  "by_alpha_range": {
    "low_confidence_mllm (α≤0.5)": {
      "count": 73,
      "fusion_accuracy": 0.8767123287671232,
      "mllm_accuracy": 0.3698630136986301,
      "flow_accuracy": 0.8767123287671232
    }
  }
}